{"version":0.5,"uid":"@TREE-6c3ed4-6b3-111fab9-2","object_class":"Scene","external_repository":null,"extra":{"editor":{"selected_node":"@NODE-6c3ed4-c174a-10784e6-93"},"viewport_layout":{"mode":1,"viewports":[{"name":"perspective","viewport":[0,0,1,1],"render_settings":null,"editor_camera":{"object_class":"Camera","uid":"@CAM6c3ed4-a38-186b408-9","layers":255,"enabled":true,"type":1,"eye":[7.465577125549316,10.613885879516602,12.472628593444824],"center":[0.8821403980255127,4.670917987823486,5.6786394119262695],"up":[0,1,0],"near":0.1,"far":10000,"fov":45,"aspect":1,"orthographic":[-1,1,-1,1],"background_color":[0,0,0,1],"frustum_size":50,"viewport":[0,0,1,1],"render_to_texture":false,"frame":null,"show_frame":true,"clear_color":true,"clear_depth":true},"scene_camera":null}]}},"root":{"object_class":"SceneNode","name":"root","uid":"@NODE-6c3ed4-a7f-13000cb-a","layers":3,"flags":{"visible":true,"is_static":false,"selectable":true,"locked":false},"children":[{"object_class":"SceneNode","name":"node_1","uid":"@NODE-6c3ed4-30068-1feb344-10","layers":3,"material":{"uid":"@MAT-6c3ed4-600f5-145e1e1-19","uvs_matrix":[1,0,0,0,1,0,0,0,1],"textures":{},"flags":{"alpha_test":false,"alpha_test_shadows":false,"two_sided":false,"flip_normals":false,"depth_test":true,"depth_write":true,"ignore_lights":false,"cast_shadows":true,"receive_shadows":true,"ignore_frustum":false},"color":[1,1,1],"opacity":1,"queue":-1,"render_state":{"front_face":2305,"cull_face":true,"cull_face_mode":0,"depth_test":true,"depth_mask":true,"depth_func":513,"depth_range":[0,0],"blend":false,"blendFunc0":770,"blendFunc1":771,"colorMask0":true,"colorMask1":true,"colorMask2":true,"colorMask3":true,"stencil_test":false,"stencil_mask":255,"skip_blend":false,"skip_depth":false,"skip_stencil":false,"stencil_func_func":519,"stencil_func_ref":0,"stencil_func_mask":255,"stencil_op_sfail":7680,"stencil_op_dpfail":7680,"stencil_op_dppass":7680,"flags":0},"shader_name":"surface","blend_mode":2,"properties":[],"surf_code":"\nvoid surf(in Input IN, inout SurfaceOutput o) {\n\to.Albedo = vec3(1.0) * IN.color.xyz;\n\to.Normal = IN.worldNormal;\n\to.Emission = vec3(0.0);\n\to.Specular = 1.0;\n\to.Gloss = 40.0;\n\to.Reflectivity = max(0.0, 0.5 - dot(IN.viewDir,o.Normal));\n\to.Alpha = IN.color.a;\n}\n","code":"void surf(in Input IN, inout SurfaceOutput o) {\n\to.Albedo = vec3(1.0) * IN.color.xyz;\n\to.Normal = IN.worldNormal;\n\to.Emission = vec3(0.0);\n\to.Specular = 1.0;\n\to.Gloss = 40.0;\n\to.Reflectivity = max(0.0, 0.5 - dot(IN.viewDir,o.Normal));\n\to.Alpha = IN.color.a;\n}\n","material_class":"SurfaceMaterial"},"flags":{"visible":true,"is_static":false,"selectable":true,"locked":false},"components":[["Transform",{"object_class":"Transform","uid":"@COMP-6c3ed4-30069-140ae10-11","position":[3.7053568363189697,2.4230074882507324,-0.030596911907196045],"rotation":[0,0,0,1],"scaling":[1,1,2.861302137374878],"matrix":[1,0,0,0,0,1,0,0,0,0,2.861302137374878,0,3.7053568363189697,2.4230074882507324,-0.030596911907196045,1]}],["Sprite",{"enabled":true,"texture":"/1ky60nq9nh091.webp","blend_mode":3,"frame":null,"flip_x":false,"filtering":true,"size":[5,5],"area":[0,0,1,1],"atlas":null,"uid":"@COMP-6c3ed4-36a97-1f0fbb6-12","object_class":"Sprite"}]]},{"object_class":"SceneNode","name":"node_2","uid":"@NODE-6c3ed4-c174a-10784e6-93","layers":3,"flags":{"visible":true,"is_static":false,"selectable":true,"locked":false},"components":[["Transform",{"object_class":"Transform","uid":"@COMP-6c3ed4-c174a-1057af8-94","position":[1.1941313743591309,4.796408653259277,4.897343635559082],"rotation":[-0.7071067690849304,0,0,0.7071067690849304],"scaling":[10,10,1],"matrix":[10,0,0,0,0,3.4228543199787964e-7,-9.999999046325684,0,0,0.9999999403953552,3.422854177870249e-8,0,1.1941313743591309,4.796408653259277,4.897343635559082,1]}],["Sprite",{"enabled":true,"texture":"Main/cn40k99826b91.webp","blend_mode":3,"frame":null,"flip_x":false,"filtering":true,"size":[1,1],"area":[0,0,1,1],"atlas":null,"uid":"@COMP-6c3ed4-c4792-1274fb5-95","object_class":"Sprite"}],["Light",{"enabled":true,"illuminated_layers":255,"near":1,"far":500,"angle":45,"angle_end":60,"constant_diffuse":false,"use_specular":true,"att_start":0,"att_end":1000,"attenuation_type":2,"offset":0,"projective_texture":null,"use_target":false,"intensity":1,"frustum_size":50,"extra_texture":null,"type":1,"position":[1.1941313743591309,4.796408653259277,4.897343635559082],"target":[1.1941313743591309,3.7964086532592773,4.897343635559082],"extra":[0,0,0,0],"up":[1.1941313743591309,4.7964091300964355,-5.102655410766602],"color":[1,1,1],"spot_cone":true,"cast_shadows":false,"uid":"@COMP-6c3ed4-1fa9a7-142d012-190","object_class":"Light"}]]},{"object_class":"SceneNode","name":"node_1","uid":"@NODE-6c3ed4-1825c3-14a0fd6-c4","layers":3,"material":{"uid":"@MAT-6c3ed4-600f5-145e1e1-19","uvs_matrix":[1,0,0,0,1,0,0,0,1],"textures":{},"flags":{"alpha_test":false,"alpha_test_shadows":false,"two_sided":false,"flip_normals":false,"depth_test":true,"depth_write":true,"ignore_lights":false,"cast_shadows":true,"receive_shadows":true,"ignore_frustum":false},"color":[1,1,1],"opacity":1,"queue":-1,"render_state":{"front_face":2305,"cull_face":true,"cull_face_mode":0,"depth_test":true,"depth_mask":true,"depth_func":513,"depth_range":[0,0],"blend":false,"blendFunc0":770,"blendFunc1":771,"colorMask0":true,"colorMask1":true,"colorMask2":true,"colorMask3":true,"stencil_test":false,"stencil_mask":255,"skip_blend":false,"skip_depth":false,"skip_stencil":false,"stencil_func_func":519,"stencil_func_ref":0,"stencil_func_mask":255,"stencil_op_sfail":7680,"stencil_op_dpfail":7680,"stencil_op_dppass":7680,"flags":0},"shader_name":"surface","blend_mode":2,"properties":[],"surf_code":"\nvoid surf(in Input IN, inout SurfaceOutput o) {\n\to.Albedo = vec3(1.0) * IN.color.xyz;\n\to.Normal = IN.worldNormal;\n\to.Emission = vec3(0.0);\n\to.Specular = 1.0;\n\to.Gloss = 40.0;\n\to.Reflectivity = max(0.0, 0.5 - dot(IN.viewDir,o.Normal));\n\to.Alpha = IN.color.a;\n}\n","code":"void surf(in Input IN, inout SurfaceOutput o) {\n\to.Albedo = vec3(1.0) * IN.color.xyz;\n\to.Normal = IN.worldNormal;\n\to.Emission = vec3(0.0);\n\to.Specular = 1.0;\n\to.Gloss = 40.0;\n\to.Reflectivity = max(0.0, 0.5 - dot(IN.viewDir,o.Normal));\n\to.Alpha = IN.color.a;\n}\n","material_class":"SurfaceMaterial"},"flags":{"visible":true,"is_static":false,"selectable":true,"locked":false},"components":[["Transform",{"object_class":"Transform","uid":"@COMP-6c3ed4-30069-140ae10-11","position":[-1.2936131954193115,2.4230074882507324,-0.030596911907196045],"rotation":[0,0,0,1],"scaling":[1,1,2.861302137374878],"matrix":[1,0,0,0,0,1,0,0,0,0,2.861302137374878,0,-1.2936131954193115,2.4230074882507324,-0.030596911907196045,1]}],["Sprite",{"enabled":true,"texture":"/1ky60nq9nh091.webp","blend_mode":3,"frame":null,"flip_x":false,"filtering":true,"size":[5,5],"area":[0,0,1,1],"atlas":null,"uid":"@COMP-6c3ed4-36a97-1f0fbb6-12","object_class":"Sprite"}]]},{"object_class":"SceneNode","name":"node_1","uid":"@NODE-6c3ed4-18667b-1961da9-ca","layers":3,"material":{"uid":"@MAT-6c3ed4-600f5-145e1e1-19","uvs_matrix":[1,0,0,0,1,0,0,0,1],"textures":{},"flags":{"alpha_test":false,"alpha_test_shadows":false,"two_sided":false,"flip_normals":false,"depth_test":true,"depth_write":true,"ignore_lights":false,"cast_shadows":true,"receive_shadows":true,"ignore_frustum":false},"color":[1,1,1],"opacity":1,"queue":-1,"render_state":{"front_face":2305,"cull_face":true,"cull_face_mode":0,"depth_test":true,"depth_mask":true,"depth_func":513,"depth_range":[0,0],"blend":false,"blendFunc0":770,"blendFunc1":771,"colorMask0":true,"colorMask1":true,"colorMask2":true,"colorMask3":true,"stencil_test":false,"stencil_mask":255,"skip_blend":false,"skip_depth":false,"skip_stencil":false,"stencil_func_func":519,"stencil_func_ref":0,"stencil_func_mask":255,"stencil_op_sfail":7680,"stencil_op_dpfail":7680,"stencil_op_dppass":7680,"flags":0},"shader_name":"surface","blend_mode":2,"properties":[],"surf_code":"\nvoid surf(in Input IN, inout SurfaceOutput o) {\n\to.Albedo = vec3(1.0) * IN.color.xyz;\n\to.Normal = IN.worldNormal;\n\to.Emission = vec3(0.0);\n\to.Specular = 1.0;\n\to.Gloss = 40.0;\n\to.Reflectivity = max(0.0, 0.5 - dot(IN.viewDir,o.Normal));\n\to.Alpha = IN.color.a;\n}\n","code":"void surf(in Input IN, inout SurfaceOutput o) {\n\to.Albedo = vec3(1.0) * IN.color.xyz;\n\to.Normal = IN.worldNormal;\n\to.Emission = vec3(0.0);\n\to.Specular = 1.0;\n\to.Gloss = 40.0;\n\to.Reflectivity = max(0.0, 0.5 - dot(IN.viewDir,o.Normal));\n\to.Alpha = IN.color.a;\n}\n","material_class":"SurfaceMaterial"},"flags":{"visible":true,"is_static":false,"selectable":true,"locked":false},"components":[["Transform",{"object_class":"Transform","uid":"@COMP-6c3ed4-30069-140ae10-11","position":[6.055535316467285,2.4230074882507324,7.372156620025635],"rotation":[0,0.7071067690849304,0,0.7071067690849304],"scaling":[1.0468543767929077,1,2.861302137374878],"matrix":[3.583229712944558e-8,0,-1.0468542575836182,0,0,1,0,0,2.861301898956299,0,9.793819799597259e-8,0,6.055535316467285,2.4230074882507324,7.372156620025635,1]}],["Sprite",{"enabled":true,"texture":"/1ky60nq9nh091.webp","blend_mode":3,"frame":null,"flip_x":false,"filtering":true,"size":[5,5],"area":[0,0,1,1],"atlas":null,"uid":"@COMP-6c3ed4-36a97-1f0fbb6-12","object_class":"Sprite"}]]},{"object_class":"SceneNode","name":"node_1","uid":"@NODE-6c3ed4-199510-15df854-f2","layers":3,"material":{"uid":"@MAT-6c3ed4-600f5-145e1e1-19","uvs_matrix":[1,0,0,0,1,0,0,0,1],"textures":{},"flags":{"alpha_test":false,"alpha_test_shadows":false,"two_sided":false,"flip_normals":false,"depth_test":true,"depth_write":true,"ignore_lights":false,"cast_shadows":true,"receive_shadows":true,"ignore_frustum":false},"color":[1,1,1],"opacity":1,"queue":-1,"render_state":{"front_face":2305,"cull_face":true,"cull_face_mode":0,"depth_test":true,"depth_mask":true,"depth_func":513,"depth_range":[0,0],"blend":false,"blendFunc0":770,"blendFunc1":771,"colorMask0":true,"colorMask1":true,"colorMask2":true,"colorMask3":true,"stencil_test":false,"stencil_mask":255,"skip_blend":false,"skip_depth":false,"skip_stencil":false,"stencil_func_func":519,"stencil_func_ref":0,"stencil_func_mask":255,"stencil_op_sfail":7680,"stencil_op_dpfail":7680,"stencil_op_dppass":7680,"flags":0},"shader_name":"surface","blend_mode":2,"properties":[],"surf_code":"\nvoid surf(in Input IN, inout SurfaceOutput o) {\n\to.Albedo = vec3(1.0) * IN.color.xyz;\n\to.Normal = IN.worldNormal;\n\to.Emission = vec3(0.0);\n\to.Specular = 1.0;\n\to.Gloss = 40.0;\n\to.Reflectivity = max(0.0, 0.5 - dot(IN.viewDir,o.Normal));\n\to.Alpha = IN.color.a;\n}\n","code":"void surf(in Input IN, inout SurfaceOutput o) {\n\to.Albedo = vec3(1.0) * IN.color.xyz;\n\to.Normal = IN.worldNormal;\n\to.Emission = vec3(0.0);\n\to.Specular = 1.0;\n\to.Gloss = 40.0;\n\to.Reflectivity = max(0.0, 0.5 - dot(IN.viewDir,o.Normal));\n\to.Alpha = IN.color.a;\n}\n","material_class":"SurfaceMaterial"},"flags":{"visible":true,"is_static":false,"selectable":true,"locked":false},"components":[["Transform",{"object_class":"Transform","uid":"@COMP-6c3ed4-30069-140ae10-11","position":[-3.7904043197631836,2.4230074882507324,7.284836769104004],"rotation":[0,0.7071067690849304,0,0.7071067690849304],"scaling":[1,1,2.861302137374878],"matrix":[3.422854177870249e-8,0,-0.9999999403953552,0,0,1,0,0,2.861301898956299,0,9.793819799597259e-8,0,-3.7904043197631836,2.4230074882507324,7.284836769104004,1]}],["Sprite",{"enabled":true,"texture":"/1ky60nq9nh091.webp","blend_mode":3,"frame":null,"flip_x":false,"filtering":true,"size":[5,5],"area":[0,0,1,1],"atlas":null,"uid":"@COMP-6c3ed4-36a97-1f0fbb6-12","object_class":"Sprite"}]]},{"object_class":"SceneNode","name":"node_1","uid":"@NODE-6c3ed4-19e920-10d3111-f8","layers":3,"material":{"uid":"@MAT-6c3ed4-600f5-145e1e1-19","uvs_matrix":[1,0,0,0,1,0,0,0,1],"textures":{},"flags":{"alpha_test":false,"alpha_test_shadows":false,"two_sided":false,"flip_normals":false,"depth_test":true,"depth_write":true,"ignore_lights":false,"cast_shadows":true,"receive_shadows":true,"ignore_frustum":false},"color":[1,1,1],"opacity":1,"queue":-1,"render_state":{"front_face":2305,"cull_face":true,"cull_face_mode":0,"depth_test":true,"depth_mask":true,"depth_func":513,"depth_range":[0,0],"blend":false,"blendFunc0":770,"blendFunc1":771,"colorMask0":true,"colorMask1":true,"colorMask2":true,"colorMask3":true,"stencil_test":false,"stencil_mask":255,"skip_blend":false,"skip_depth":false,"skip_stencil":false,"stencil_func_func":519,"stencil_func_ref":0,"stencil_func_mask":255,"stencil_op_sfail":7680,"stencil_op_dpfail":7680,"stencil_op_dppass":7680,"flags":0},"shader_name":"surface","blend_mode":2,"properties":[],"surf_code":"\nvoid surf(in Input IN, inout SurfaceOutput o) {\n\to.Albedo = vec3(1.0) * IN.color.xyz;\n\to.Normal = IN.worldNormal;\n\to.Emission = vec3(0.0);\n\to.Specular = 1.0;\n\to.Gloss = 40.0;\n\to.Reflectivity = max(0.0, 0.5 - dot(IN.viewDir,o.Normal));\n\to.Alpha = IN.color.a;\n}\n","code":"void surf(in Input IN, inout SurfaceOutput o) {\n\to.Albedo = vec3(1.0) * IN.color.xyz;\n\to.Normal = IN.worldNormal;\n\to.Emission = vec3(0.0);\n\to.Specular = 1.0;\n\to.Gloss = 40.0;\n\to.Reflectivity = max(0.0, 0.5 - dot(IN.viewDir,o.Normal));\n\to.Alpha = IN.color.a;\n}\n","material_class":"SurfaceMaterial"},"flags":{"visible":true,"is_static":false,"selectable":true,"locked":false},"components":[["Transform",{"object_class":"Transform","uid":"@COMP-6c3ed4-30069-140ae10-11","position":[3.6118359565734863,2.4230000972747803,9.788999557495117],"rotation":[0,0,0,1],"scaling":[1,1,2.861302137374878],"matrix":[1,0,0,0,0,1,0,0,0,0,2.861302137374878,0,3.6118359565734863,2.4230000972747803,9.788999557495117,1]}],["Sprite",{"enabled":true,"texture":"/1ky60nq9nh091.webp","blend_mode":3,"frame":null,"flip_x":false,"filtering":true,"size":[5,5],"area":[0,0,1,1],"atlas":null,"uid":"@COMP-6c3ed4-36a97-1f0fbb6-12","object_class":"Sprite"}]]},{"object_class":"SceneNode","name":"node_1","uid":"@NODE-6c3ed4-1a1885-178355b-fe","layers":3,"material":{"uid":"@MAT-6c3ed4-600f5-145e1e1-19","uvs_matrix":[1,0,0,0,1,0,0,0,1],"textures":{},"flags":{"alpha_test":false,"alpha_test_shadows":false,"two_sided":false,"flip_normals":false,"depth_test":true,"depth_write":true,"ignore_lights":false,"cast_shadows":true,"receive_shadows":true,"ignore_frustum":false},"color":[1,1,1],"opacity":1,"queue":-1,"render_state":{"front_face":2305,"cull_face":true,"cull_face_mode":0,"depth_test":true,"depth_mask":true,"depth_func":513,"depth_range":[0,0],"blend":false,"blendFunc0":770,"blendFunc1":771,"colorMask0":true,"colorMask1":true,"colorMask2":true,"colorMask3":true,"stencil_test":false,"stencil_mask":255,"skip_blend":false,"skip_depth":false,"skip_stencil":false,"stencil_func_func":519,"stencil_func_ref":0,"stencil_func_mask":255,"stencil_op_sfail":7680,"stencil_op_dpfail":7680,"stencil_op_dppass":7680,"flags":0},"shader_name":"surface","blend_mode":2,"properties":[],"surf_code":"\nvoid surf(in Input IN, inout SurfaceOutput o) {\n\to.Albedo = vec3(1.0) * IN.color.xyz;\n\to.Normal = IN.worldNormal;\n\to.Emission = vec3(0.0);\n\to.Specular = 1.0;\n\to.Gloss = 40.0;\n\to.Reflectivity = max(0.0, 0.5 - dot(IN.viewDir,o.Normal));\n\to.Alpha = IN.color.a;\n}\n","code":"void surf(in Input IN, inout SurfaceOutput o) {\n\to.Albedo = vec3(1.0) * IN.color.xyz;\n\to.Normal = IN.worldNormal;\n\to.Emission = vec3(0.0);\n\to.Specular = 1.0;\n\to.Gloss = 40.0;\n\to.Reflectivity = max(0.0, 0.5 - dot(IN.viewDir,o.Normal));\n\to.Alpha = IN.color.a;\n}\n","material_class":"SurfaceMaterial"},"flags":{"visible":true,"is_static":false,"selectable":true,"locked":false},"components":[["Transform",{"object_class":"Transform","uid":"@COMP-6c3ed4-30069-140ae10-11","position":[-1.2932578325271606,2.4230074882507324,9.789225578308105],"rotation":[0,0.9999979734420776,0,0.002024582354351878],"scaling":[1,1,2.861302137374878],"matrix":[-0.9999918937683105,0,-0.004049156326800585,0,0,1,0,0,0.011585859581828117,0,-2.861279010772705,0,-1.2932578325271606,2.4230074882507324,9.789225578308105,1]}],["Sprite",{"enabled":true,"texture":"/1ky60nq9nh091.webp","blend_mode":3,"frame":null,"flip_x":false,"filtering":true,"size":[5,5],"area":[0,0,1,1],"atlas":null,"uid":"@COMP-6c3ed4-36a97-1f0fbb6-12","object_class":"Sprite"}]]},{"object_class":"SceneNode","name":"node_1","uid":"@NODE-6c3ed4-1cf5dc-1d730d5-13a","layers":3,"material":{"uid":"@MAT-6c3ed4-1cf5dc-1d779a5-13b","uvs_matrix":[1,0,0,0,1,0,0,0,1],"textures":{},"flags":{"alpha_test":false,"alpha_test_shadows":false,"two_sided":false,"flip_normals":false,"depth_test":true,"depth_write":true,"ignore_lights":false,"cast_shadows":true,"receive_shadows":true,"ignore_frustum":false},"color":[1,1,1],"opacity":1,"queue":-1,"render_state":{"front_face":2305,"cull_face":true,"cull_face_mode":0,"depth_test":true,"depth_mask":true,"depth_func":513,"depth_range":[0,0],"blend":false,"blendFunc0":770,"blendFunc1":771,"colorMask0":true,"colorMask1":true,"colorMask2":true,"colorMask3":true,"stencil_test":false,"stencil_mask":255,"skip_blend":false,"skip_depth":false,"skip_stencil":false,"stencil_func_func":519,"stencil_func_ref":0,"stencil_func_mask":255,"stencil_op_sfail":7680,"stencil_op_dpfail":7680,"stencil_op_dppass":7680,"flags":0},"shader_name":"surface","blend_mode":2,"properties":[],"surf_code":"\nvoid surf(in Input IN, inout SurfaceOutput o) {\n\to.Albedo = vec3(1.0) * IN.color.xyz;\n\to.Normal = IN.worldNormal;\n\to.Emission = vec3(0.0);\n\to.Specular = 1.0;\n\to.Gloss = 40.0;\n\to.Reflectivity = max(0.0, 0.5 - dot(IN.viewDir,o.Normal));\n\to.Alpha = IN.color.a;\n}\n","code":"void surf(in Input IN, inout SurfaceOutput o) {\n\to.Albedo = vec3(1.0) * IN.color.xyz;\n\to.Normal = IN.worldNormal;\n\to.Emission = vec3(0.0);\n\to.Specular = 1.0;\n\to.Gloss = 40.0;\n\to.Reflectivity = max(0.0, 0.5 - dot(IN.viewDir,o.Normal));\n\to.Alpha = IN.color.a;\n}\n","material_class":"SurfaceMaterial"},"flags":{"visible":true,"is_static":false,"selectable":true,"locked":false},"components":[["Transform",{"object_class":"Transform","uid":"@COMP-6c3ed4-1cf5db-1d22ece-139","position":[-3.7904043197631836,2.4230074882507324,2.299927234649658],"rotation":[0,0.7071067690849304,0,0.7071067690849304],"scaling":[1,1,2.861302137374878],"matrix":[3.422854177870249e-8,0,-0.9999999403953552,0,0,1,0,0,2.861301898956299,0,9.793819799597259e-8,0,-3.7904043197631836,2.4230074882507324,2.299927234649658,1]}],["Sprite",{"enabled":true,"texture":"/1ky60nq9nh091.webp","blend_mode":3,"frame":null,"flip_x":false,"filtering":true,"size":[5,5],"area":[0,0,1,1],"atlas":null,"uid":"@COMP-6c3ed4-1cf61f-15af9c0-13c","object_class":"Sprite"}]]},{"object_class":"SceneNode","name":"node_1","uid":"@NODE-6c3ed4-1e75b7-1890299-141","layers":3,"material":{"uid":"@MAT-6c3ed4-1e75b7-13f1a84-142","uvs_matrix":[1,0,0,0,1,0,0,0,1],"textures":{},"flags":{"alpha_test":false,"alpha_test_shadows":false,"two_sided":false,"flip_normals":false,"depth_test":true,"depth_write":true,"ignore_lights":false,"cast_shadows":true,"receive_shadows":true,"ignore_frustum":false},"color":[1,1,1],"opacity":1,"queue":-1,"render_state":{"front_face":2305,"cull_face":true,"cull_face_mode":0,"depth_test":true,"depth_mask":true,"depth_func":513,"depth_range":[0,0],"blend":false,"blendFunc0":770,"blendFunc1":771,"colorMask0":true,"colorMask1":true,"colorMask2":true,"colorMask3":true,"stencil_test":false,"stencil_mask":255,"skip_blend":false,"skip_depth":false,"skip_stencil":false,"stencil_func_func":519,"stencil_func_ref":0,"stencil_func_mask":255,"stencil_op_sfail":7680,"stencil_op_dpfail":7680,"stencil_op_dppass":7680,"flags":0},"shader_name":"surface","blend_mode":2,"properties":[],"surf_code":"\nvoid surf(in Input IN, inout SurfaceOutput o) {\n\to.Albedo = vec3(1.0) * IN.color.xyz;\n\to.Normal = IN.worldNormal;\n\to.Emission = vec3(0.0);\n\to.Specular = 1.0;\n\to.Gloss = 40.0;\n\to.Reflectivity = max(0.0, 0.5 - dot(IN.viewDir,o.Normal));\n\to.Alpha = IN.color.a;\n}\n","code":"void surf(in Input IN, inout SurfaceOutput o) {\n\to.Albedo = vec3(1.0) * IN.color.xyz;\n\to.Normal = IN.worldNormal;\n\to.Emission = vec3(0.0);\n\to.Specular = 1.0;\n\to.Gloss = 40.0;\n\to.Reflectivity = max(0.0, 0.5 - dot(IN.viewDir,o.Normal));\n\to.Alpha = IN.color.a;\n}\n","material_class":"SurfaceMaterial"},"flags":{"visible":true,"is_static":false,"selectable":true,"locked":false},"components":[["Transform",{"object_class":"Transform","uid":"@COMP-6c3ed4-1e75b7-1842a65-140","position":[6.055535316467285,2.4230074882507324,2.299927234649658],"rotation":[0,0.7071067690849304,0,0.7071067690849304],"scaling":[1,1,2.861302137374878],"matrix":[3.422854177870249e-8,0,-0.9999999403953552,0,0,1,0,0,2.861301898956299,0,9.793819799597259e-8,0,6.055535316467285,2.4230074882507324,2.299927234649658,1]}],["Sprite",{"enabled":true,"texture":"/1ky60nq9nh091.webp","blend_mode":3,"frame":null,"flip_x":false,"filtering":true,"size":[5,5],"area":[0,0,1,1],"atlas":null,"uid":"@COMP-6c3ed4-1e7605-1533473-143","object_class":"Sprite"}]]},{"object_class":"SceneNode","name":"node_2","uid":"@NODE-6c3ed4-1ee3d7-131ae03-148","layers":3,"flags":{"visible":true,"is_static":false,"selectable":true,"locked":false},"components":[["Transform",{"object_class":"Transform","uid":"@COMP-6c3ed4-1ee3d7-1a3a204-147","position":[1.1941313743591309,0.06408464163541794,4.897343635559082],"rotation":[-0.7071067690849304,0,0,0.7071067690849304],"scaling":[10,10,1],"matrix":[10,0,0,0,0,3.4228543199787964e-7,-9.999999046325684,0,0,0.9999999403953552,3.422854177870249e-8,0,1.1941313743591309,0.06408464163541794,4.897343635559082,1]}],["Sprite",{"enabled":true,"texture":"Main/cn40k99826b91.webp","blend_mode":3,"frame":null,"flip_x":false,"filtering":true,"size":[1,1],"area":[0,0,1,1],"atlas":null,"uid":"@COMP-6c3ed4-1ee3d8-181151e-149","object_class":"Sprite"}]]}],"components":[["GlobalInfo",{"ambient_color":[0.20000000298023224,0.20000000298023224,0.20000000298023224],"irradiance_color":[1,1,1],"irradiance":null,"textures":{},"render_settings":null,"uid":"@COMP-6c3ed4-a7f-1ad49ea-b","object_class":"GlobalInfo"}],["Skybox",{"enabled":true,"texture":null,"material":null,"use_environment":true,"gamma":false,"intensity":1,"bake_to_cubemap":false,"uid":"@COMP-6c3ed4-aaf-1e03d16-e","object_class":"Skybox"}],["Camera",{"object_class":"Camera","uid":"@COMP-6c3ed4-8b995-1ecf743-1a","layers":3,"enabled":true,"type":1,"eye":[1.0410093069076538,2.63100004196167,6.262843608856201],"center":[5.504589080810547,2.5389723777770996,6.0770111083984375],"up":[0,1,0],"near":0.1,"far":884.91,"fov":40.96,"aspect":0.82,"orthographic":[-1,1,-1,1],"background_color":[0,0,0,1],"frustum_size":50,"viewport":[0,0,1,1],"render_to_texture":false,"frame":null,"show_frame":true,"clear_color":true,"clear_depth":true}],["CameraController",{"enabled":true,"no_button_action":0,"left_button_action":5,"right_button_action":0,"middle_button_action":0,"mouse_wheel_action":0,"keyboard_walk":true,"keyboard_walk_plane":true,"lock_mouse":true,"rot_speed":1,"walk_speed":0.1,"wheel_speed":1,"smooth":true,"render_crosshair":false,"uid":"@COMP-6c3ed4-9b549-1d6d773-1b","object_class":"CameraController"}]]},"layer_names":["main","secondary"],"global_scripts":[],"external_scripts":[],"preloaded_resources":{},"texture_atlas":null,"local_resources":{}}